<ItemPools>
	<Pool Name="devil">
		<Item Weight="1" DecreaseBy="1" RemoveOn="0.1" Name="Бронежилет Романиуса"/>
		<Item Weight="1" DecreaseBy="1" RemoveOn="0.1" Name="Лудомания"/>
		<Item Weight="1" DecreaseBy="1" RemoveOn="0.1" Name="Ромовая кислота"/>
		<Item Weight="0.5" DecreaseBy="1" RemoveOn="0.1" Name="Иксрос"/>
		
	</Pool>
	<Pool Name="angel">
		<Item Weight="1" DecreaseBy="1" RemoveOn="0.1" Name="Бронежилет Кальвин Кляйна"/>
		<Item Weight="1" DecreaseBy="1" RemoveOn="0.1" Name="Зелёные Кальвин Кляйны"/>
		<Item Weight="1" DecreaseBy="1" RemoveOn="0.1" Name="Яйцо Фаберже"/>
		<Item Weight="0.5" DecreaseBy="1" RemoveOn="0.1" Name="Очки Егора"/>
	</Pool>
	<pool Name="boss">
		<Item Weight="1" DecreaseBy="1" RemoveOn="0.1" Name="Зарплата"/>
	</pool>
</ItemPools>