<items gfxroot="gfx/items/" version="1">
	<passive id="1" name="Бронежилет Романиуса" gfx="roma_armour.png" description="Защита++" quality="2" blackhearts="6" devilprice="2"/>
	<passive id="2" name="Лудомания" gfx="ludomania.png" description="Удача = сила" quality="3" cache="damage luck" devilprice="1"/>
    <passive id="3" name="Ромовая кислота" gfx="roma_acid.png" description="Кислотный остаток -2" quality="3" cache="damage" blackhearts="2" devilprice="2"/>
	<active id="4" name="Иксрос" gfx="xros.png" description="Здоровье--, урон++" quality="4" cache="damage" devilprice="1" maxcharges="0" chargetype="normal"/>
	
	<passive id="5" name="Бронежилет Кальвин Кляйна" gfx="yegor_armour.png" description="Защита++" quality="2" soulhearts="6" devilprice="2"/>
	<active id="6" name="Яйцо фаберже" gfx="faberge.png" description="Киндер сюрприз XIX века" quality="3" devilprice="2" maxcharges="6"/>
	<active id="7" name="Зелёные Кальвин Кляйны" gfx="kleins.png" description="Энергия тысячи галактик" quality="4" devilprice="2" maxcharges="12"/>
	<passive id="8" name="Очки Егора" gfx="sunglass.png" description="Божественная сила" quality="4" devilprice="2"/>
	
	<passive id="9" name="Зарплата" gfx="payment.png" description="За казино Тыбурция" quality="2" coins="10" devilprice="1"/>
</items>